# synthetic IR spectrum (sum of Lorentzians); NOT measured data
# bands: 3350:O-H stretch (broad, H-bonded); 2950:C-H stretch; 1714:C=O stretch (carbonyl, ~1715); 1450:CH2/CH3 bend; 1250:C-O stretch; 1050:C-O / C-C skeletal
# wavenumber_cm-1,absorbance
400.0000,0.0220
402.0000,0.0220
404.0000,0.0220
406.0000,0.0220
408.0000,0.0220
410.0000,0.0221
412.0000,0.0221
414.0000,0.0221
416.0000,0.0221
418.0000,0.0221
420.0000,0.0221
422.0000,0.0221
424.0000,0.0221
426.0000,0.0221
428.0000,0.0221
430.0000,0.0221
432.0000,0.0221
434.0000,0.0222
436.0000,0.0222
438.0000,0.0222
440.0000,0.0222
442.0000,0.0222
444.0000,0.0222
446.0000,0.0222
448.0000,0.0222
450.0000,0.0222
452.0000,0.0222
454.0000,0.0222
456.0000,0.0223
458.0000,0.0223
460.0000,0.0223
462.0000,0.0223
464.0000,0.0223
466.0000,0.0223
468.0000,0.0223
470.0000,0.0223
472.0000,0.0223
474.0000,0.0223
476.0000,0.0224
478.0000,0.0224
480.0000,0.0224
482.0000,0.0224
484.0000,0.0224
486.0000,0.0224
488.0000,0.0224
490.0000,0.0224
492.0000,0.0224
494.0000,0.0225
496.0000,0.0225
498.0000,0.0225
500.0000,0.0225
502.0000,0.0225
504.0000,0.0225
506.0000,0.0225
508.0000,0.0225
510.0000,0.0225
512.0000,0.0226
514.0000,0.0226
516.0000,0.0226
518.0000,0.0226
520.0000,0.0226
522.0000,0.0226
524.0000,0.0226
526.0000,0.0226
528.0000,0.0227
530.0000,0.0227
532.0000,0.0227
534.0000,0.0227
536.0000,0.0227
538.0000,0.0227
540.0000,0.0227
542.0000,0.0228
544.0000,0.0228
546.0000,0.0228
548.0000,0.0228
550.0000,0.0228
552.0000,0.0228
554.0000,0.0228
556.0000,0.0229
558.0000,0.0229
560.0000,0.0229
562.0000,0.0229
564.0000,0.0229
566.0000,0.0229
568.0000,0.0229
570.0000,0.0230
572.0000,0.0230
574.0000,0.0230
576.0000,0.0230
578.0000,0.0230
580.0000,0.0230
582.0000,0.0231
584.0000,0.0231
586.0000,0.0231
588.0000,0.0231
590.0000,0.0231
592.0000,0.0232
594.0000,0.0232
596.0000,0.0232
598.0000,0.0232
600.0000,0.0232
602.0000,0.0232
604.0000,0.0233
606.0000,0.0233
608.0000,0.0233
610.0000,0.0233
612.0000,0.0233
614.0000,0.0234
616.0000,0.0234
618.0000,0.0234
620.0000,0.0234
622.0000,0.0234
624.0000,0.0235
626.0000,0.0235
628.0000,0.0235
630.0000,0.0235
632.0000,0.0236
634.0000,0.0236
636.0000,0.0236
638.0000,0.0236
640.0000,0.0237
642.0000,0.0237
644.0000,0.0237
646.0000,0.0237
648.0000,0.0237
650.0000,0.0238
652.0000,0.0238
654.0000,0.0238
656.0000,0.0239
658.0000,0.0239
660.0000,0.0239
662.0000,0.0239
664.0000,0.0240
666.0000,0.0240
668.0000,0.0240
670.0000,0.0240
672.0000,0.0241
674.0000,0.0241
676.0000,0.0241
678.0000,0.0242
680.0000,0.0242
682.0000,0.0242
684.0000,0.0243
686.0000,0.0243
688.0000,0.0243
690.0000,0.0244
692.0000,0.0244
694.0000,0.0244
696.0000,0.0245
698.0000,0.0245
700.0000,0.0245
702.0000,0.0246
704.0000,0.0246
706.0000,0.0246
708.0000,0.0247
710.0000,0.0247
712.0000,0.0248
714.0000,0.0248
716.0000,0.0248
718.0000,0.0249
720.0000,0.0249
722.0000,0.0250
724.0000,0.0250
726.0000,0.0250
728.0000,0.0251
730.0000,0.0251
732.0000,0.0252
734.0000,0.0252
736.0000,0.0253
738.0000,0.0253
740.0000,0.0254
742.0000,0.0254
744.0000,0.0255
746.0000,0.0255
748.0000,0.0256
750.0000,0.0256
752.0000,0.0257
754.0000,0.0257
756.0000,0.0258
758.0000,0.0259
760.0000,0.0259
762.0000,0.0260
764.0000,0.0260
766.0000,0.0261
768.0000,0.0262
770.0000,0.0262
772.0000,0.0263
774.0000,0.0264
776.0000,0.0264
778.0000,0.0265
780.0000,0.0266
782.0000,0.0266
784.0000,0.0267
786.0000,0.0268
788.0000,0.0269
790.0000,0.0269
792.0000,0.0270
794.0000,0.0271
796.0000,0.0272
798.0000,0.0273
800.0000,0.0273
802.0000,0.0274
804.0000,0.0275
806.0000,0.0276
808.0000,0.0277
810.0000,0.0278
812.0000,0.0279
814.0000,0.0280
816.0000,0.0281
818.0000,0.0282
820.0000,0.0283
822.0000,0.0284
824.0000,0.0286
826.0000,0.0287
828.0000,0.0288
830.0000,0.0289
832.0000,0.0290
834.0000,0.0292
836.0000,0.0293
838.0000,0.0294
840.0000,0.0296
842.0000,0.0297
844.0000,0.0299
846.0000,0.0300
848.0000,0.0302
850.0000,0.0303
852.0000,0.0305
854.0000,0.0306
856.0000,0.0308
858.0000,0.0310
860.0000,0.0312
862.0000,0.0314
864.0000,0.0316
866.0000,0.0318
868.0000,0.0320
870.0000,0.0322
872.0000,0.0324
874.0000,0.0326
876.0000,0.0328
878.0000,0.0331
880.0000,0.0333
882.0000,0.0336
884.0000,0.0339
886.0000,0.0341
888.0000,0.0344
890.0000,0.0347
892.0000,0.0350
894.0000,0.0353
896.0000,0.0356
898.0000,0.0360
900.0000,0.0363
902.0000,0.0367
904.0000,0.0371
906.0000,0.0375
908.0000,0.0379
910.0000,0.0383
912.0000,0.0387
914.0000,0.0392
916.0000,0.0397
918.0000,0.0402
920.0000,0.0407
922.0000,0.0412
924.0000,0.0418
926.0000,0.0424
928.0000,0.0430
930.0000,0.0436
932.0000,0.0443
934.0000,0.0450
936.0000,0.0458
938.0000,0.0465
940.0000,0.0474
942.0000,0.0482
944.0000,0.0491
946.0000,0.0501
948.0000,0.0511
950.0000,0.0522
952.0000,0.0533
954.0000,0.0545
956.0000,0.0557
958.0000,0.0571
960.0000,0.0585
962.0000,0.0600
964.0000,0.0616
966.0000,0.0633
968.0000,0.0651
970.0000,0.0671
972.0000,0.0691
974.0000,0.0713
976.0000,0.0737
978.0000,0.0763
980.0000,0.0790
982.0000,0.0820
984.0000,0.0852
986.0000,0.0887
988.0000,0.0924
990.0000,0.0965
992.0000,0.1009
994.0000,0.1057
996.0000,0.1109
998.0000,0.1167
1000.0000,0.1229
1002.0000,0.1298
1004.0000,0.1374
1006.0000,0.1458
1008.0000,0.1551
1010.0000,0.1653
1012.0000,0.1766
1014.0000,0.1892
1016.0000,0.2032
1018.0000,0.2188
1020.0000,0.2361
1022.0000,0.2554
1024.0000,0.2768
1026.0000,0.3005
1028.0000,0.3266
1030.0000,0.3552
1032.0000,0.3861
1034.0000,0.4192
1036.0000,0.4540
1038.0000,0.4894
1040.0000,0.5243
1042.0000,0.5571
1044.0000,0.5857
1046.0000,0.6082
1048.0000,0.6225
1050.0000,0.6276
1052.0000,0.6227
1054.0000,0.6086
1056.0000,0.5863
1058.0000,0.5579
1060.0000,0.5254
1062.0000,0.4906
1064.0000,0.4554
1066.0000,0.4209
1068.0000,0.3880
1070.0000,0.3572
1072.0000,0.3289
1074.0000,0.3030
1076.0000,0.2795
1078.0000,0.2583
1080.0000,0.2393
1082.0000,0.2222
1084.0000,0.2068
1086.0000,0.1931
1088.0000,0.1807
1090.0000,0.1696
1092.0000,0.1597
1094.0000,0.1507
1096.0000,0.1426
1098.0000,0.1352
1100.0000,0.1286
1102.0000,0.1226
1104.0000,0.1172
1106.0000,0.1122
1108.0000,0.1077
1110.0000,0.1036
1112.0000,0.0998
1114.0000,0.0964
1116.0000,0.0933
1118.0000,0.0905
1120.0000,0.0879
1122.0000,0.0855
1124.0000,0.0833
1126.0000,0.0813
1128.0000,0.0795
1130.0000,0.0779
1132.0000,0.0764
1134.0000,0.0750
1136.0000,0.0738
1138.0000,0.0727
1140.0000,0.0717
1142.0000,0.0709
1144.0000,0.0701
1146.0000,0.0694
1148.0000,0.0689
1150.0000,0.0684
1152.0000,0.0681
1154.0000,0.0678
1156.0000,0.0676
1158.0000,0.0675
1160.0000,0.0675
1162.0000,0.0676
1164.0000,0.0678
1166.0000,0.0681
1168.0000,0.0685
1170.0000,0.0689
1172.0000,0.0695
1174.0000,0.0702
1176.0000,0.0711
1178.0000,0.0720
1180.0000,0.0731
1182.0000,0.0743
1184.0000,0.0757
1186.0000,0.0773
1188.0000,0.0791
1190.0000,0.0810
1192.0000,0.0832
1194.0000,0.0857
1196.0000,0.0884
1198.0000,0.0914
1200.0000,0.0948
1202.0000,0.0985
1204.0000,0.1027
1206.0000,0.1074
1208.0000,0.1127
1210.0000,0.1185
1212.0000,0.1251
1214.0000,0.1325
1216.0000,0.1409
1218.0000,0.1503
1220.0000,0.1608
1222.0000,0.1728
1224.0000,0.1862
1226.0000,0.2014
1228.0000,0.2183
1230.0000,0.2373
1232.0000,0.2582
1234.0000,0.2810
1236.0000,0.3055
1238.0000,0.3312
1240.0000,0.3570
1242.0000,0.3818
1244.0000,0.4039
1246.0000,0.4216
1248.0000,0.4330
1250.0000,0.4369
1252.0000,0.4330
1254.0000,0.4216
1256.0000,0.4040
1258.0000,0.3819
1260.0000,0.3571
1262.0000,0.3313
1264.0000,0.3057
1266.0000,0.2812
1268.0000,0.2584
1270.0000,0.2375
1272.0000,0.2186
1274.0000,0.2016
1276.0000,0.1865
1278.0000,0.1731
1280.0000,0.1611
1282.0000,0.1506
1284.0000,0.1412
1286.0000,0.1329
1288.0000,0.1255
1290.0000,0.1189
1292.0000,0.1131
1294.0000,0.1078
1296.0000,0.1032
1298.0000,0.0990
1300.0000,0.0952
1302.0000,0.0919
1304.0000,0.0889
1306.0000,0.0862
1308.0000,0.0838
1310.0000,0.0816
1312.0000,0.0796
1314.0000,0.0779
1316.0000,0.0763
1318.0000,0.0750
1320.0000,0.0737
1322.0000,0.0726
1324.0000,0.0717
1326.0000,0.0709
1328.0000,0.0702
1330.0000,0.0696
1332.0000,0.0691
1334.0000,0.0687
1336.0000,0.0684
1338.0000,0.0682
1340.0000,0.0681
1342.0000,0.0681
1344.0000,0.0682
1346.0000,0.0684
1348.0000,0.0687
1350.0000,0.0690
1352.0000,0.0694
1354.0000,0.0700
1356.0000,0.0706
1358.0000,0.0713
1360.0000,0.0721
1362.0000,0.0731
1364.0000,0.0741
1366.0000,0.0752
1368.0000,0.0765
1370.0000,0.0779
1372.0000,0.0795
1374.0000,0.0812
1376.0000,0.0830
1378.0000,0.0850
1380.0000,0.0872
1382.0000,0.0897
1384.0000,0.0923
1386.0000,0.0952
1388.0000,0.0983
1390.0000,0.1017
1392.0000,0.1054
1394.0000,0.1095
1396.0000,0.1140
1398.0000,0.1189
1400.0000,0.1242
1402.0000,0.1301
1404.0000,0.1365
1406.0000,0.1436
1408.0000,0.1513
1410.0000,0.1599
1412.0000,0.1693
1414.0000,0.1796
1416.0000,0.1910
1418.0000,0.2036
1420.0000,0.2173
1422.0000,0.2324
1424.0000,0.2489
1426.0000,0.2668
1428.0000,0.2862
1430.0000,0.3069
1432.0000,0.3288
1434.0000,0.3516
1436.0000,0.3749
1438.0000,0.3980
1440.0000,0.4202
1442.0000,0.4404
1444.0000,0.4576
1446.0000,0.4709
1448.0000,0.4792
1450.0000,0.4821
1452.0000,0.4792
1454.0000,0.4708
1456.0000,0.4575
1458.0000,0.4402
1460.0000,0.4199
1462.0000,0.3977
1464.0000,0.3746
1466.0000,0.3513
1468.0000,0.3284
1470.0000,0.3064
1472.0000,0.2857
1474.0000,0.2663
1476.0000,0.2483
1478.0000,0.2317
1480.0000,0.2166
1482.0000,0.2028
1484.0000,0.1902
1486.0000,0.1787
1488.0000,0.1683
1490.0000,0.1588
1492.0000,0.1502
1494.0000,0.1424
1496.0000,0.1352
1498.0000,0.1287
1500.0000,0.1228
1502.0000,0.1173
1504.0000,0.1124
1506.0000,0.1078
1508.0000,0.1036
1510.0000,0.0998
1512.0000,0.0963
1514.0000,0.0930
1516.0000,0.0900
1518.0000,0.0873
1520.0000,0.0847
1522.0000,0.0824
1524.0000,0.0802
1526.0000,0.0782
1528.0000,0.0764
1530.0000,0.0746
1532.0000,0.0730
1534.0000,0.0716
1536.0000,0.0702
1538.0000,0.0689
1540.0000,0.0678
1542.0000,0.0667
1544.0000,0.0657
1546.0000,0.0648
1548.0000,0.0639
1550.0000,0.0632
1552.0000,0.0625
1554.0000,0.0618
1556.0000,0.0612
1558.0000,0.0607
1560.0000,0.0602
1562.0000,0.0598
1564.0000,0.0595
1566.0000,0.0591
1568.0000,0.0589
1570.0000,0.0586
1572.0000,0.0585
1574.0000,0.0583
1576.0000,0.0583
1578.0000,0.0582
1580.0000,0.0582
1582.0000,0.0583
1584.0000,0.0583
1586.0000,0.0585
1588.0000,0.0587
1590.0000,0.0589
1592.0000,0.0592
1594.0000,0.0595
1596.0000,0.0598
1598.0000,0.0603
1600.0000,0.0607
1602.0000,0.0613
1604.0000,0.0618
1606.0000,0.0625
1608.0000,0.0632
1610.0000,0.0640
1612.0000,0.0648
1614.0000,0.0657
1616.0000,0.0667
1618.0000,0.0678
1620.0000,0.0690
1622.0000,0.0703
1624.0000,0.0716
1626.0000,0.0731
1628.0000,0.0747
1630.0000,0.0764
1632.0000,0.0783
1634.0000,0.0803
1636.0000,0.0825
1638.0000,0.0849
1640.0000,0.0875
1642.0000,0.0903
1644.0000,0.0933
1646.0000,0.0966
1648.0000,0.1002
1650.0000,0.1041
1652.0000,0.1084
1654.0000,0.1131
1656.0000,0.1183
1658.0000,0.1239
1660.0000,0.1302
1662.0000,0.1370
1664.0000,0.1446
1666.0000,0.1531
1668.0000,0.1625
1670.0000,0.1729
1672.0000,0.1846
1674.0000,0.1978
1676.0000,0.2125
1678.0000,0.2291
1680.0000,0.2480
1682.0000,0.2693
1684.0000,0.2936
1686.0000,0.3212
1688.0000,0.3527
1690.0000,0.3886
1692.0000,0.4295
1694.0000,0.4759
1696.0000,0.5283
1698.0000,0.5869
1700.0000,0.6513
1702.0000,0.7204
1704.0000,0.7922
1706.0000,0.8630
1708.0000,0.9279
1710.0000,0.9808
1712.0000,1.0156
1714.0000,1.0277
1716.0000,1.0154
1718.0000,0.9805
1720.0000,0.9275
1722.0000,0.8625
1724.0000,0.7915
1726.0000,0.7196
1728.0000,0.6504
1730.0000,0.5859
1732.0000,0.5272
1734.0000,0.4746
1736.0000,0.4281
1738.0000,0.3870
1740.0000,0.3510
1742.0000,0.3193
1744.0000,0.2916
1746.0000,0.2672
1748.0000,0.2457
1750.0000,0.2267
1752.0000,0.2100
1754.0000,0.1951
1756.0000,0.1818
1758.0000,0.1699
1760.0000,0.1593
1762.0000,0.1498
1764.0000,0.1412
1766.0000,0.1334
1768.0000,0.1264
1770.0000,0.1200
1772.0000,0.1142
1774.0000,0.1089
1776.0000,0.1040
1778.0000,0.0995
1780.0000,0.0954
1782.0000,0.0916
1784.0000,0.0882
1786.0000,0.0849
1788.0000,0.0819
1790.0000,0.0792
1792.0000,0.0766
1794.0000,0.0742
1796.0000,0.0719
1798.0000,0.0698
1800.0000,0.0679
1802.0000,0.0661
1804.0000,0.0643
1806.0000,0.0627
1808.0000,0.0612
1810.0000,0.0598
1812.0000,0.0584
1814.0000,0.0571
1816.0000,0.0559
1818.0000,0.0548
1820.0000,0.0537
1822.0000,0.0527
1824.0000,0.0517
1826.0000,0.0508
1828.0000,0.0499
1830.0000,0.0491
1832.0000,0.0483
1834.0000,0.0476
1836.0000,0.0468
1838.0000,0.0462
1840.0000,0.0455
1842.0000,0.0449
1844.0000,0.0443
1846.0000,0.0437
1848.0000,0.0432
1850.0000,0.0426
1852.0000,0.0421
1854.0000,0.0417
1856.0000,0.0412
1858.0000,0.0408
1860.0000,0.0403
1862.0000,0.0399
1864.0000,0.0395
1866.0000,0.0392
1868.0000,0.0388
1870.0000,0.0384
1872.0000,0.0381
1874.0000,0.0378
1876.0000,0.0375
1878.0000,0.0372
1880.0000,0.0369
1882.0000,0.0366
1884.0000,0.0363
1886.0000,0.0361
1888.0000,0.0358
1890.0000,0.0356
1892.0000,0.0353
1894.0000,0.0351
1896.0000,0.0349
1898.0000,0.0346
1900.0000,0.0344
1902.0000,0.0342
1904.0000,0.0340
1906.0000,0.0339
1908.0000,0.0337
1910.0000,0.0335
1912.0000,0.0333
1914.0000,0.0332
1916.0000,0.0330
1918.0000,0.0328
1920.0000,0.0327
1922.0000,0.0325
1924.0000,0.0324
1926.0000,0.0322
1928.0000,0.0321
1930.0000,0.0320
1932.0000,0.0318
1934.0000,0.0317
1936.0000,0.0316
1938.0000,0.0315
1940.0000,0.0314
1942.0000,0.0313
1944.0000,0.0311
1946.0000,0.0310
1948.0000,0.0309
1950.0000,0.0308
1952.0000,0.0307
1954.0000,0.0306
1956.0000,0.0305
1958.0000,0.0305
1960.0000,0.0304
1962.0000,0.0303
1964.0000,0.0302
1966.0000,0.0301
1968.0000,0.0300
1970.0000,0.0300
1972.0000,0.0299
1974.0000,0.0298
1976.0000,0.0297
1978.0000,0.0297
1980.0000,0.0296
1982.0000,0.0295
1984.0000,0.0295
1986.0000,0.0294
1988.0000,0.0293
1990.0000,0.0293
1992.0000,0.0292
1994.0000,0.0292
1996.0000,0.0291
1998.0000,0.0291
2000.0000,0.0290
2002.0000,0.0289
2004.0000,0.0289
2006.0000,0.0288
2008.0000,0.0288
2010.0000,0.0287
2012.0000,0.0287
2014.0000,0.0287
2016.0000,0.0286
2018.0000,0.0286
2020.0000,0.0285
2022.0000,0.0285
2024.0000,0.0284
2026.0000,0.0284
2028.0000,0.0284
2030.0000,0.0283
2032.0000,0.0283
2034.0000,0.0283
2036.0000,0.0282
2038.0000,0.0282
2040.0000,0.0282
2042.0000,0.0281
2044.0000,0.0281
2046.0000,0.0281
2048.0000,0.0280
2050.0000,0.0280
2052.0000,0.0280
2054.0000,0.0280
2056.0000,0.0279
2058.0000,0.0279
2060.0000,0.0279
2062.0000,0.0279
2064.0000,0.0278
2066.0000,0.0278
2068.0000,0.0278
2070.0000,0.0278
2072.0000,0.0277
2074.0000,0.0277
2076.0000,0.0277
2078.0000,0.0277
2080.0000,0.0277
2082.0000,0.0276
2084.0000,0.0276
2086.0000,0.0276
2088.0000,0.0276
2090.0000,0.0276
2092.0000,0.0276
2094.0000,0.0276
2096.0000,0.0275
2098.0000,0.0275
2100.0000,0.0275
2102.0000,0.0275
2104.0000,0.0275
2106.0000,0.0275
2108.0000,0.0275
2110.0000,0.0274
2112.0000,0.0274
2114.0000,0.0274
2116.0000,0.0274
2118.0000,0.0274
2120.0000,0.0274
2122.0000,0.0274
2124.0000,0.0274
2126.0000,0.0274
2128.0000,0.0274
2130.0000,0.0274
2132.0000,0.0274
2134.0000,0.0274
2136.0000,0.0273
2138.0000,0.0273
2140.0000,0.0273
2142.0000,0.0273
2144.0000,0.0273
2146.0000,0.0273
2148.0000,0.0273
2150.0000,0.0273
2152.0000,0.0273
2154.0000,0.0273
2156.0000,0.0273
2158.0000,0.0273
2160.0000,0.0273
2162.0000,0.0273
2164.0000,0.0273
2166.0000,0.0273
2168.0000,0.0273
2170.0000,0.0273
2172.0000,0.0273
2174.0000,0.0273
2176.0000,0.0273
2178.0000,0.0273
2180.0000,0.0273
2182.0000,0.0273
2184.0000,0.0273
2186.0000,0.0273
2188.0000,0.0273
2190.0000,0.0273
2192.0000,0.0273
2194.0000,0.0273
2196.0000,0.0273
2198.0000,0.0273
2200.0000,0.0274
2202.0000,0.0274
2204.0000,0.0274
2206.0000,0.0274
2208.0000,0.0274
2210.0000,0.0274
2212.0000,0.0274
2214.0000,0.0274
2216.0000,0.0274
2218.0000,0.0274
2220.0000,0.0274
2222.0000,0.0274
2224.0000,0.0274
2226.0000,0.0274
2228.0000,0.0275
2230.0000,0.0275
2232.0000,0.0275
2234.0000,0.0275
2236.0000,0.0275
2238.0000,0.0275
2240.0000,0.0275
2242.0000,0.0275
2244.0000,0.0275
2246.0000,0.0276
2248.0000,0.0276
2250.0000,0.0276
2252.0000,0.0276
2254.0000,0.0276
2256.0000,0.0276
2258.0000,0.0276
2260.0000,0.0276
2262.0000,0.0277
2264.0000,0.0277
2266.0000,0.0277
2268.0000,0.0277
2270.0000,0.0277
2272.0000,0.0277
2274.0000,0.0278
2276.0000,0.0278
2278.0000,0.0278
2280.0000,0.0278
2282.0000,0.0278
2284.0000,0.0278
2286.0000,0.0279
2288.0000,0.0279
2290.0000,0.0279
2292.0000,0.0279
2294.0000,0.0279
2296.0000,0.0279
2298.0000,0.0280
2300.0000,0.0280
2302.0000,0.0280
2304.0000,0.0280
2306.0000,0.0280
2308.0000,0.0281
2310.0000,0.0281
2312.0000,0.0281
2314.0000,0.0281
2316.0000,0.0282
2318.0000,0.0282
2320.0000,0.0282
2322.0000,0.0282
2324.0000,0.0282
2326.0000,0.0283
2328.0000,0.0283
2330.0000,0.0283
2332.0000,0.0283
2334.0000,0.0284
2336.0000,0.0284
2338.0000,0.0284
2340.0000,0.0284
2342.0000,0.0285
2344.0000,0.0285
2346.0000,0.0285
2348.0000,0.0286
2350.0000,0.0286
2352.0000,0.0286
2354.0000,0.0286
2356.0000,0.0287
2358.0000,0.0287
2360.0000,0.0287
2362.0000,0.0288
2364.0000,0.0288
2366.0000,0.0288
2368.0000,0.0288
2370.0000,0.0289
2372.0000,0.0289
2374.0000,0.0289
2376.0000,0.0290
2378.0000,0.0290
2380.0000,0.0290
2382.0000,0.0291
2384.0000,0.0291
2386.0000,0.0291
2388.0000,0.0292
2390.0000,0.0292
2392.0000,0.0293
2394.0000,0.0293
2396.0000,0.0293
2398.0000,0.0294
2400.0000,0.0294
2402.0000,0.0294
2404.0000,0.0295
2406.0000,0.0295
2408.0000,0.0296
2410.0000,0.0296
2412.0000,0.0296
2414.0000,0.0297
2416.0000,0.0297
2418.0000,0.0298
2420.0000,0.0298
2422.0000,0.0298
2424.0000,0.0299
2426.0000,0.0299
2428.0000,0.0300
2430.0000,0.0300
2432.0000,0.0301
2434.0000,0.0301
2436.0000,0.0301
2438.0000,0.0302
2440.0000,0.0302
2442.0000,0.0303
2444.0000,0.0303
2446.0000,0.0304
2448.0000,0.0304
2450.0000,0.0305
2452.0000,0.0305
2454.0000,0.0306
2456.0000,0.0306
2458.0000,0.0307
2460.0000,0.0307
2462.0000,0.0308
2464.0000,0.0308
2466.0000,0.0309
2468.0000,0.0310
2470.0000,0.0310
2472.0000,0.0311
2474.0000,0.0311
2476.0000,0.0312
2478.0000,0.0312
2480.0000,0.0313
2482.0000,0.0314
2484.0000,0.0314
2486.0000,0.0315
2488.0000,0.0315
2490.0000,0.0316
2492.0000,0.0317
2494.0000,0.0317
2496.0000,0.0318
2498.0000,0.0319
2500.0000,0.0319
2502.0000,0.0320
2504.0000,0.0321
2506.0000,0.0321
2508.0000,0.0322
2510.0000,0.0323
2512.0000,0.0323
2514.0000,0.0324
2516.0000,0.0325
2518.0000,0.0326
2520.0000,0.0326
2522.0000,0.0327
2524.0000,0.0328
2526.0000,0.0329
2528.0000,0.0329
2530.0000,0.0330
2532.0000,0.0331
2534.0000,0.0332
2536.0000,0.0333
2538.0000,0.0333
2540.0000,0.0334
2542.0000,0.0335
2544.0000,0.0336
2546.0000,0.0337
2548.0000,0.0338
2550.0000,0.0339
2552.0000,0.0340
2554.0000,0.0341
2556.0000,0.0341
2558.0000,0.0342
2560.0000,0.0343
2562.0000,0.0344
2564.0000,0.0345
2566.0000,0.0346
2568.0000,0.0347
2570.0000,0.0348
2572.0000,0.0349
2574.0000,0.0350
2576.0000,0.0352
2578.0000,0.0353
2580.0000,0.0354
2582.0000,0.0355
2584.0000,0.0356
2586.0000,0.0357
2588.0000,0.0358
2590.0000,0.0359
2592.0000,0.0361
2594.0000,0.0362
2596.0000,0.0363
2598.0000,0.0364
2600.0000,0.0366
2602.0000,0.0367
2604.0000,0.0368
2606.0000,0.0370
2608.0000,0.0371
2610.0000,0.0372
2612.0000,0.0374
2614.0000,0.0375
2616.0000,0.0376
2618.0000,0.0378
2620.0000,0.0379
2622.0000,0.0381
2624.0000,0.0382
2626.0000,0.0384
2628.0000,0.0385
2630.0000,0.0387
2632.0000,0.0389
2634.0000,0.0390
2636.0000,0.0392
2638.0000,0.0394
2640.0000,0.0395
2642.0000,0.0397
2644.0000,0.0399
2646.0000,0.0401
2648.0000,0.0403
2650.0000,0.0404
2652.0000,0.0406
2654.0000,0.0408
2656.0000,0.0410
2658.0000,0.0412
2660.0000,0.0414
2662.0000,0.0416
2664.0000,0.0419
2666.0000,0.0421
2668.0000,0.0423
2670.0000,0.0425
2672.0000,0.0427
2674.0000,0.0430
2676.0000,0.0432
2678.0000,0.0434
2680.0000,0.0437
2682.0000,0.0439
2684.0000,0.0442
2686.0000,0.0445
2688.0000,0.0447
2690.0000,0.0450
2692.0000,0.0453
2694.0000,0.0455
2696.0000,0.0458
2698.0000,0.0461
2700.0000,0.0464
2702.0000,0.0467
2704.0000,0.0470
2706.0000,0.0474
2708.0000,0.0477
2710.0000,0.0480
2712.0000,0.0483
2714.0000,0.0487
2716.0000,0.0490
2718.0000,0.0494
2720.0000,0.0498
2722.0000,0.0502
2724.0000,0.0505
2726.0000,0.0509
2728.0000,0.0513
2730.0000,0.0518
2732.0000,0.0522
2734.0000,0.0526
2736.0000,0.0531
2738.0000,0.0535
2740.0000,0.0540
2742.0000,0.0545
2744.0000,0.0550
2746.0000,0.0555
2748.0000,0.0560
2750.0000,0.0565
2752.0000,0.0571
2754.0000,0.0576
2756.0000,0.0582
2758.0000,0.0588
2760.0000,0.0594
2762.0000,0.0600
2764.0000,0.0607
2766.0000,0.0613
2768.0000,0.0620
2770.0000,0.0627
2772.0000,0.0634
2774.0000,0.0642
2776.0000,0.0649
2778.0000,0.0657
2780.0000,0.0665
2782.0000,0.0674
2784.0000,0.0682
2786.0000,0.0691
2788.0000,0.0700
2790.0000,0.0710
2792.0000,0.0720
2794.0000,0.0730
2796.0000,0.0740
2798.0000,0.0751
2800.0000,0.0762
2802.0000,0.0774
2804.0000,0.0786
2806.0000,0.0799
2808.0000,0.0812
2810.0000,0.0825
2812.0000,0.0839
2814.0000,0.0854
2816.0000,0.0869
2818.0000,0.0884
2820.0000,0.0901
2822.0000,0.0918
2824.0000,0.0935
2826.0000,0.0954
2828.0000,0.0973
2830.0000,0.0993
2832.0000,0.1014
2834.0000,0.1036
2836.0000,0.1058
2838.0000,0.1082
2840.0000,0.1107
2842.0000,0.1133
2844.0000,0.1161
2846.0000,0.1189
2848.0000,0.1219
2850.0000,0.1251
2852.0000,0.1284
2854.0000,0.1319
2856.0000,0.1356
2858.0000,0.1395
2860.0000,0.1436
2862.0000,0.1479
2864.0000,0.1524
2866.0000,0.1573
2868.0000,0.1623
2870.0000,0.1677
2872.0000,0.1734
2874.0000,0.1795
2876.0000,0.1859
2878.0000,0.1927
2880.0000,0.2000
2882.0000,0.2077
2884.0000,0.2159
2886.0000,0.2246
2888.0000,0.2340
2890.0000,0.2439
2892.0000,0.2545
2894.0000,0.2659
2896.0000,0.2780
2898.0000,0.2909
2900.0000,0.3047
2902.0000,0.3195
2904.0000,0.3354
2906.0000,0.3522
2908.0000,0.3703
2910.0000,0.3895
2912.0000,0.4100
2914.0000,0.4317
2916.0000,0.4548
2918.0000,0.4791
2920.0000,0.5048
2922.0000,0.5316
2924.0000,0.5595
2926.0000,0.5883
2928.0000,0.6179
2930.0000,0.6477
2932.0000,0.6775
2934.0000,0.7068
2936.0000,0.7350
2938.0000,0.7614
2940.0000,0.7854
2942.0000,0.8063
2944.0000,0.8234
2946.0000,0.8362
2948.0000,0.8441
2950.0000,0.8470
2952.0000,0.8446
2954.0000,0.8372
2956.0000,0.8249
2958.0000,0.8083
2960.0000,0.7879
2962.0000,0.7644
2964.0000,0.7385
2966.0000,0.7108
2968.0000,0.6821
2970.0000,0.6527
2972.0000,0.6234
2974.0000,0.5944
2976.0000,0.5661
2978.0000,0.5387
2980.0000,0.5124
2982.0000,0.4872
2984.0000,0.4634
2986.0000,0.4409
2988.0000,0.4196
2990.0000,0.3997
2992.0000,0.3810
2994.0000,0.3635
2996.0000,0.3472
2998.0000,0.3319
3000.0000,0.3176
3002.0000,0.3043
3004.0000,0.2920
3006.0000,0.2804
3008.0000,0.2696
3010.0000,0.2596
3012.0000,0.2502
3014.0000,0.2414
3016.0000,0.2333
3018.0000,0.2256
3020.0000,0.2185
3022.0000,0.2118
3024.0000,0.2056
3026.0000,0.1998
3028.0000,0.1944
3030.0000,0.1893
3032.0000,0.1845
3034.0000,0.1800
3036.0000,0.1759
3038.0000,0.1719
3040.0000,0.1683
3042.0000,0.1648
3044.0000,0.1616
3046.0000,0.1586
3048.0000,0.1558
3050.0000,0.1531
3052.0000,0.1507
3054.0000,0.1483
3056.0000,0.1462
3058.0000,0.1442
3060.0000,0.1423
3062.0000,0.1405
3064.0000,0.1389
3066.0000,0.1374
3068.0000,0.1359
3070.0000,0.1346
3072.0000,0.1334
3074.0000,0.1323
3076.0000,0.1313
3078.0000,0.1303
3080.0000,0.1295
3082.0000,0.1287
3084.0000,0.1280
3086.0000,0.1274
3088.0000,0.1268
3090.0000,0.1263
3092.0000,0.1259
3094.0000,0.1255
3096.0000,0.1252
3098.0000,0.1250
3100.0000,0.1248
3102.0000,0.1247
3104.0000,0.1246
3106.0000,0.1246
3108.0000,0.1246
3110.0000,0.1247
3112.0000,0.1249
3114.0000,0.1251
3116.0000,0.1253
3118.0000,0.1256
3120.0000,0.1259
3122.0000,0.1263
3124.0000,0.1268
3126.0000,0.1273
3128.0000,0.1278
3130.0000,0.1284
3132.0000,0.1290
3134.0000,0.1297
3136.0000,0.1304
3138.0000,0.1312
3140.0000,0.1320
3142.0000,0.1328
3144.0000,0.1337
3146.0000,0.1347
3148.0000,0.1357
3150.0000,0.1368
3152.0000,0.1379
3154.0000,0.1390
3156.0000,0.1402
3158.0000,0.1415
3160.0000,0.1428
3162.0000,0.1441
3164.0000,0.1455
3166.0000,0.1470
3168.0000,0.1485
3170.0000,0.1501
3172.0000,0.1517
3174.0000,0.1534
3176.0000,0.1552
3178.0000,0.1570
3180.0000,0.1589
3182.0000,0.1608
3184.0000,0.1628
3186.0000,0.1649
3188.0000,0.1670
3190.0000,0.1692
3192.0000,0.1715
3194.0000,0.1738
3196.0000,0.1762
3198.0000,0.1787
3200.0000,0.1813
3202.0000,0.1840
3204.0000,0.1867
3206.0000,0.1895
3208.0000,0.1924
3210.0000,0.1954
3212.0000,0.1985
3214.0000,0.2017
3216.0000,0.2049
3218.0000,0.2083
3220.0000,0.2118
3222.0000,0.2153
3224.0000,0.2190
3226.0000,0.2228
3228.0000,0.2266
3230.0000,0.2306
3232.0000,0.2347
3234.0000,0.2390
3236.0000,0.2433
3238.0000,0.2478
3240.0000,0.2524
3242.0000,0.2571
3244.0000,0.2619
3246.0000,0.2669
3248.0000,0.2720
3250.0000,0.2772
3252.0000,0.2826
3254.0000,0.2881
3256.0000,0.2937
3258.0000,0.2995
3260.0000,0.3054
3262.0000,0.3114
3264.0000,0.3176
3266.0000,0.3240
3268.0000,0.3304
3270.0000,0.3370
3272.0000,0.3437
3274.0000,0.3506
3276.0000,0.3576
3278.0000,0.3647
3280.0000,0.3719
3282.0000,0.3792
3284.0000,0.3867
3286.0000,0.3942
3288.0000,0.4018
3290.0000,0.4095
3292.0000,0.4172
3294.0000,0.4250
3296.0000,0.4328
3298.0000,0.4407
3300.0000,0.4485
3302.0000,0.4563
3304.0000,0.4641
3306.0000,0.4719
3308.0000,0.4795
3310.0000,0.4871
3312.0000,0.4945
3314.0000,0.5018
3316.0000,0.5089
3318.0000,0.5157
3320.0000,0.5224
3322.0000,0.5288
3324.0000,0.5349
3326.0000,0.5407
3328.0000,0.5461
3330.0000,0.5511
3332.0000,0.5558
3334.0000,0.5600
3336.0000,0.5638
3338.0000,0.5671
3340.0000,0.5700
3342.0000,0.5723
3344.0000,0.5741
3346.0000,0.5754
3348.0000,0.5762
3350.0000,0.5764
3352.0000,0.5760
3354.0000,0.5752
3356.0000,0.5738
3358.0000,0.5718
3360.0000,0.5694
3362.0000,0.5664
3364.0000,0.5630
3366.0000,0.5591
3368.0000,0.5547
3370.0000,0.5499
3372.0000,0.5447
3374.0000,0.5392
3376.0000,0.5333
3378.0000,0.5271
3380.0000,0.5205
3382.0000,0.5138
3384.0000,0.5068
3386.0000,0.4995
3388.0000,0.4921
3390.0000,0.4846
3392.0000,0.4769
3394.0000,0.4691
3396.0000,0.4613
3398.0000,0.4533
3400.0000,0.4454
3402.0000,0.4374
3404.0000,0.4294
3406.0000,0.4215
3408.0000,0.4135
3410.0000,0.4056
3412.0000,0.3978
3414.0000,0.3901
3416.0000,0.3824
3418.0000,0.3748
3420.0000,0.3674
3422.0000,0.3600
3424.0000,0.3528
3426.0000,0.3456
3428.0000,0.3386
3430.0000,0.3317
3432.0000,0.3250
3434.0000,0.3184
3436.0000,0.3119
3438.0000,0.3055
3440.0000,0.2993
3442.0000,0.2932
3444.0000,0.2873
3446.0000,0.2815
3448.0000,0.2758
3450.0000,0.2703
3452.0000,0.2649
3454.0000,0.2596
3456.0000,0.2545
3458.0000,0.2494
3460.0000,0.2446
3462.0000,0.2398
3464.0000,0.2351
3466.0000,0.2306
3468.0000,0.2262
3470.0000,0.2219
3472.0000,0.2177
3474.0000,0.2136
3476.0000,0.2096
3478.0000,0.2057
3480.0000,0.2019
3482.0000,0.1982
3484.0000,0.1947
3486.0000,0.1912
3488.0000,0.1877
3490.0000,0.1844
3492.0000,0.1812
3494.0000,0.1780
3496.0000,0.1750
3498.0000,0.1720
3500.0000,0.1691
3502.0000,0.1662
3504.0000,0.1635
3506.0000,0.1608
3508.0000,0.1581
3510.0000,0.1556
3512.0000,0.1531
3514.0000,0.1506
3516.0000,0.1482
3518.0000,0.1459
3520.0000,0.1437
3522.0000,0.1414
3524.0000,0.1393
3526.0000,0.1372
3528.0000,0.1351
3530.0000,0.1331
3532.0000,0.1312
3534.0000,0.1293
3536.0000,0.1274
3538.0000,0.1256
3540.0000,0.1238
3542.0000,0.1221
3544.0000,0.1204
3546.0000,0.1188
3548.0000,0.1171
3550.0000,0.1156
3552.0000,0.1140
3554.0000,0.1125
3556.0000,0.1110
3558.0000,0.1096
3560.0000,0.1082
3562.0000,0.1068
3564.0000,0.1055
3566.0000,0.1042
3568.0000,0.1029
3570.0000,0.1016
3572.0000,0.1004
3574.0000,0.0992
3576.0000,0.0980
3578.0000,0.0969
3580.0000,0.0957
3582.0000,0.0946
3584.0000,0.0935
3586.0000,0.0925
3588.0000,0.0914
3590.0000,0.0904
3592.0000,0.0894
3594.0000,0.0885
3596.0000,0.0875
3598.0000,0.0866
3600.0000,0.0856
3602.0000,0.0847
3604.0000,0.0839
3606.0000,0.0830
3608.0000,0.0821
3610.0000,0.0813
3612.0000,0.0805
3614.0000,0.0797
3616.0000,0.0789
3618.0000,0.0782
3620.0000,0.0774
3622.0000,0.0767
3624.0000,0.0759
3626.0000,0.0752
3628.0000,0.0745
3630.0000,0.0738
3632.0000,0.0732
3634.0000,0.0725
3636.0000,0.0719
3638.0000,0.0712
3640.0000,0.0706
3642.0000,0.0700
3644.0000,0.0694
3646.0000,0.0688
3648.0000,0.0682
3650.0000,0.0676
3652.0000,0.0671
3654.0000,0.0665
3656.0000,0.0660
3658.0000,0.0654
3660.0000,0.0649
3662.0000,0.0644
3664.0000,0.0639
3666.0000,0.0634
3668.0000,0.0629
3670.0000,0.0624
3672.0000,0.0619
3674.0000,0.0615
3676.0000,0.0610
3678.0000,0.0606
3680.0000,0.0601
3682.0000,0.0597
3684.0000,0.0593
3686.0000,0.0588
3688.0000,0.0584
3690.0000,0.0580
3692.0000,0.0576
3694.0000,0.0572
3696.0000,0.0568
3698.0000,0.0564
3700.0000,0.0561
3702.0000,0.0557
3704.0000,0.0553
3706.0000,0.0550
3708.0000,0.0546
3710.0000,0.0542
3712.0000,0.0539
3714.0000,0.0536
3716.0000,0.0532
3718.0000,0.0529
3720.0000,0.0526
3722.0000,0.0523
3724.0000,0.0519
3726.0000,0.0516
3728.0000,0.0513
3730.0000,0.0510
3732.0000,0.0507
3734.0000,0.0504
3736.0000,0.0501
3738.0000,0.0499
3740.0000,0.0496
3742.0000,0.0493
3744.0000,0.0490
3746.0000,0.0488
3748.0000,0.0485
3750.0000,0.0482
3752.0000,0.0480
3754.0000,0.0477
3756.0000,0.0475
3758.0000,0.0472
3760.0000,0.0470
3762.0000,0.0467
3764.0000,0.0465
3766.0000,0.0463
3768.0000,0.0460
3770.0000,0.0458
3772.0000,0.0456
3774.0000,0.0453
3776.0000,0.0451
3778.0000,0.0449
3780.0000,0.0447
3782.0000,0.0445
3784.0000,0.0443
3786.0000,0.0441
3788.0000,0.0439
3790.0000,0.0437
3792.0000,0.0435
3794.0000,0.0433
3796.0000,0.0431
3798.0000,0.0429
3800.0000,0.0427
3802.0000,0.0425
3804.0000,0.0423
3806.0000,0.0421
3808.0000,0.0420
3810.0000,0.0418
3812.0000,0.0416
3814.0000,0.0414
3816.0000,0.0413
3818.0000,0.0411
3820.0000,0.0409
3822.0000,0.0408
3824.0000,0.0406
3826.0000,0.0404
3828.0000,0.0403
3830.0000,0.0401
3832.0000,0.0400
3834.0000,0.0398
3836.0000,0.0397
3838.0000,0.0395
3840.0000,0.0394
3842.0000,0.0392
3844.0000,0.0391
3846.0000,0.0389
3848.0000,0.0388
3850.0000,0.0386
3852.0000,0.0385
3854.0000,0.0384
3856.0000,0.0382
3858.0000,0.0381
3860.0000,0.0380
3862.0000,0.0378
3864.0000,0.0377
3866.0000,0.0376
3868.0000,0.0375
3870.0000,0.0373
3872.0000,0.0372
3874.0000,0.0371
3876.0000,0.0370
3878.0000,0.0368
3880.0000,0.0367
3882.0000,0.0366
3884.0000,0.0365
3886.0000,0.0364
3888.0000,0.0363
3890.0000,0.0361
3892.0000,0.0360
3894.0000,0.0359
3896.0000,0.0358
3898.0000,0.0357
3900.0000,0.0356
3902.0000,0.0355
3904.0000,0.0354
3906.0000,0.0353
3908.0000,0.0352
3910.0000,0.0351
3912.0000,0.0350
3914.0000,0.0349
3916.0000,0.0348
3918.0000,0.0347
3920.0000,0.0346
3922.0000,0.0345
3924.0000,0.0344
3926.0000,0.0343
3928.0000,0.0342
3930.0000,0.0341
3932.0000,0.0340
3934.0000,0.0339
3936.0000,0.0338
3938.0000,0.0338
3940.0000,0.0337
3942.0000,0.0336
3944.0000,0.0335
3946.0000,0.0334
3948.0000,0.0333
3950.0000,0.0332
3952.0000,0.0332
3954.0000,0.0331
3956.0000,0.0330
3958.0000,0.0329
3960.0000,0.0328
3962.0000,0.0328
3964.0000,0.0327
3966.0000,0.0326
3968.0000,0.0325
3970.0000,0.0325
3972.0000,0.0324
3974.0000,0.0323
3976.0000,0.0322
3978.0000,0.0322
3980.0000,0.0321
3982.0000,0.0320
3984.0000,0.0319
3986.0000,0.0319
3988.0000,0.0318
3990.0000,0.0317
3992.0000,0.0317
3994.0000,0.0316
3996.0000,0.0315
3998.0000,0.0315
4000.0000,0.0314
